Date,GWSa,GWSa_filled,GWSa_is_filled
2002-04-01,0.996,0.996,0
2002-05-01,7.792,7.792,0
2002-06-01,,8.568,1
2002-07-01,,7.332,1
2002-08-01,4.372,4.372,0
2002-09-01,-0.604,-0.604,0
2002-10-01,-3.896,-3.896,0
2002-11-01,-1.708,-1.708,0
2002-12-01,-4.02,-4.02,0
2003-01-01,-1.589,-1.589,0
2003-02-01,0.633,0.633,0
2003-03-01,1.673,1.673,0
2003-04-01,-2.551,-2.551,0
2003-05-01,7.203,7.203,0
2003-06-01,,6.478,1
2003-07-01,3.742,3.742,0
2003-08-01,1.837,1.837,0
2003-09-01,-0.603,-0.603,0
2003-10-01,1.419,1.419,0
2003-11-01,0.508,0.508,0
2003-12-01,2.011,2.011,0
2004-01-01,0.724,0.724,0
2004-02-01,0.375,0.375,0
2004-03-01,2.291,2.291,0
2004-04-01,3.529,3.529,0
2004-05-01,8.612,8.612,0
2004-06-01,0.848,0.848,0
2004-07-01,0.219,0.219,0
2004-08-01,-0.965,-0.965,0
2004-09-01,-3.728,-3.728,0
2004-10-01,-4.896,-4.896,0
2004-11-01,-2.66,-2.66,0
2004-12-01,-6.413,-6.413,0
2005-01-01,0.068,0.068,0
2005-02-01,2.289,2.289,0
2005-03-01,7.338,7.338,0
2005-04-01,8.978,8.978,0
2005-05-01,8.537,8.537,0
2005-06-01,11.079,11.079,0
2005-07-01,12.061,12.061,0
2005-08-01,9.223,9.223,0
2005-09-01,6.884,6.884,0
2005-10-01,5.166,5.166,0
2005-11-01,4.134,4.134,0
2005-12-01,4.525,4.525,0
2006-01-01,5.743,5.743,0
2006-02-01,5.298,5.298,0
2006-03-01,4.35,4.35,0
2006-04-01,5.776,5.776,0
2006-05-01,5.201,5.201,0
2006-06-01,14.557,14.557,0
2006-07-01,12.036,12.036,0
2006-08-01,8.428,8.428,0
2006-09-01,6.281,6.281,0
2006-10-01,3.581,3.581,0
2006-11-01,0.639,0.639,0
2006-12-01,7.028,7.028,0
2007-01-01,2.862,2.862,0
2007-02-01,-0.53,-0.53,0
2007-03-01,4.402,4.402,0
2007-04-01,7.149,7.149,0
2007-05-01,1.571,1.571,0
2007-06-01,1.747,1.747,0
2007-07-01,0.4,0.4,0
2007-08-01,-0.699,-0.699,0
2007-09-01,-3.036,-3.036,0
2007-10-01,-3.409,-3.409,0
2007-11-01,-2.251,-2.251,0
2007-12-01,-1.844,-1.844,0
2008-01-01,-9.495,-9.495,0
2008-02-01,-4.406,-4.406,0
2008-03-01,0.859,0.859,0
2008-04-01,-1.984,-1.984,0
2008-05-01,-3.688,-3.688,0
2008-06-01,-2.581,-2.581,0
2008-07-01,-4.163,-4.163,0
2008-08-01,-3.251,-3.251,0
2008-09-01,-5.852,-5.852,0
2008-10-01,-7.16,-7.16,0
2008-11-01,-10.445,-10.445,0
2008-12-01,-12.621,-12.621,0
2009-01-01,-11.207,-11.207,0
2009-02-01,-8.744,-8.744,0
2009-03-01,-11.058,-11.058,0
2009-04-01,-9.247,-9.247,0
2009-05-01,-7.083,-7.083,0
2009-06-01,-7.542,-7.542,0
2009-07-01,-4.944,-4.944,0
2009-08-01,-7.946,-7.946,0
2009-09-01,-8.877,-8.877,0
2009-10-01,-13.315,-13.315,0
2009-11-01,-15.498,-15.498,0
2009-12-01,-11.323,-11.323,0
2010-01-01,-13.263,-13.263,0
2010-02-01,-7.864,-7.864,0
2010-03-01,-9.624,-9.624,0
2010-04-01,-7.463,-7.463,0
2010-05-01,-4.26,-4.26,0
2010-06-01,-3.186,-3.186,0
2010-07-01,-3.784,-3.784,0
2010-08-01,-6.786,-6.786,0
2010-09-01,-9.443,-9.443,0
2010-10-01,-10.457,-10.457,0
2010-11-01,-6.113,-6.113,0
2010-12-01,-8.052,-8.052,0
2011-01-01,,-10.148,1
2011-02-01,-10.974,-10.974,0
2011-03-01,-4.326,-4.326,0
2011-04-01,-3.881,-3.881,0
2011-05-01,0.681,0.681,0
2011-06-01,,3.19,1
2011-07-01,3.689,3.689,0
2011-08-01,-0.5,-0.5,0
2011-09-01,-0.747,-0.747,0
2011-10-01,-2.351,-2.351,0
2011-11-01,-5.003,-5.003,0
2011-12-01,,-8.344,1
2012-01-01,-12.001,-12.001,0
2012-02-01,-13.582,-13.582,0
2012-03-01,-10.805,-10.805,0
2012-04-01,-5.056,-5.056,0
2012-05-01,,-4.333,1
2012-06-01,-4.289,-4.289,0
2012-07-01,-3.92,-3.92,0
2012-08-01,-7.197,-7.197,0
2012-09-01,-7.027,-7.027,0
2012-10-01,,-9.604,1
2012-11-01,-11.367,-11.367,0
2012-12-01,-11.816,-11.816,0
2013-01-01,-5.62,-5.62,0
2013-02-01,-9.238,-9.238,0
2013-03-01,,-10.816,1
2013-04-01,-12.235,-12.235,0
2013-05-01,-12.89,-12.89,0
2013-06-01,-11.244,-11.244,0
2013-07-01,-11.509,-11.509,0
2013-08-01,,-14.299,1
2013-09-01,,-16.196,1
2013-10-01,-18.393,-18.393,0
2013-11-01,-20.082,-20.082,0
2013-12-01,-17.083,-17.083,0
2014-01-01,-19.738,-19.738,0
2014-02-01,,-19.615,1
2014-03-01,-19.983,-19.983,0
2014-04-01,-22.381,-22.381,0
2014-05-01,-19.912,-19.912,0
2014-06-01,-18.375,-18.375,0
2014-07-01,,-21.344,1
2014-08-01,-26.038,-26.038,0
2014-09-01,-28.947,-28.947,0
2014-10-01,-27.598,-27.598,0
2014-11-01,-30.047,-30.047,0
2014-12-01,,-30.375,1
2015-01-01,-31.02,-31.02,0
2015-02-01,-29.284,-29.284,0
2015-03-01,-28.34,-28.34,0
2015-04-01,-23.766,-23.766,0
2015-05-01,,-24.393,1
2015-06-01,,-25.7,1
2015-07-01,-29.017,-29.017,0
2015-08-01,-29.433,-29.433,0
2015-09-01,-31.594,-31.594,0
2015-10-01,,-31.548,1
2015-11-01,,-30.687,1
2015-12-01,-28.31,-28.31,0
2016-01-01,-26.177,-26.177,0
2016-02-01,-21.28,-21.28,0
2016-03-01,-20.306,-20.306,0
2016-04-01,,-20.822,1
2016-05-01,-20.466,-20.466,0
2016-06-01,-20.96,-20.96,0
2016-07-01,-23.851,-23.851,0
2016-08-01,-24.275,-24.275,0
2016-09-01,,-24.678,1
2016-10-01,,-25.382,1
2016-11-01,-25.272,-25.272,0
2016-12-01,-18.14,-18.14,0
2017-01-01,-22.073,-22.073,0
2017-02-01,,-19.869,1
2017-03-01,-18.157,-18.157,0
2017-04-01,-15.065,-15.065,0
2017-05-01,-8.342,-8.342,0
2017-06-01,-6.992,-6.992,0
2017-07-01,,-8.197,1
2017-08-01,,-11.128,1
2017-09-01,,-13.164,1
2017-10-01,,-15.502,1
2017-11-01,,-17.024,1
2017-12-01,,-17.031,1
2018-01-01,,-17.353,1
2018-02-01,,-16.407,1
2018-03-01,,-15.952,1
2018-04-01,,-15.337,1
2018-05-01,,-13.852,1
2018-06-01,-13.047,-13.047,0
2018-07-01,-13.416,-13.416,0
2018-08-01,,-15.789,1
2018-09-01,,-17.267,1
2018-10-01,-19.046,-19.046,0
2018-11-01,-24.743,-24.743,0
2018-12-01,-25.886,-25.886,0
2019-01-01,-18.537,-18.537,0
2019-02-01,-14.784,-14.784,0
2019-03-01,-8.67,-8.67,0
2019-04-01,-10.152,-10.152,0
2019-05-01,-9.013,-9.013,0
2019-06-01,-5.78,-5.78,0
2019-07-01,-4.017,-4.017,0
2019-08-01,-6.576,-6.576,0
2019-09-01,-8.259,-8.259,0
2019-10-01,-16.032,-16.032,0
2019-11-01,-18.677,-18.677,0
2019-12-01,-10.6,-10.6,0
2020-01-01,-12.162,-12.162,0
2020-02-01,-15.498,-15.498,0
2020-03-01,-23.395,-23.395,0
2020-04-01,-20.593,-20.593,0
2020-05-01,-16.916,-16.916,0
2020-06-01,-15.757,-15.757,0
2020-07-01,-15.985,-15.985,0
2020-08-01,-20.377,-20.377,0
2020-09-01,-25.466,-25.466,0
2020-10-01,-22.615,-22.615,0
2020-11-01,-23.772,-23.772,0
2020-12-01,-24.928,-24.928,0
2021-01-01,-30.083,-30.083,0
2021-02-01,-32.16,-32.16,0
2021-03-01,-31.628,-31.628,0
2021-04-01,-28.011,-28.011,0
2021-05-01,-25.719,-25.719,0
2021-06-01,-26.596,-26.596,0
2021-07-01,-27.973,-27.973,0
2021-08-01,-29.066,-29.066,0
2021-09-01,-28.498,-28.498,0
2021-10-01,-30.215,-30.215,0
2021-11-01,-30.941,-30.941,0
2021-12-01,-33.95,-33.95,0
2022-01-01,-32.87,-32.87,0
2022-02-01,-28.291,-28.291,0
2022-03-01,-34.188,-34.188,0
2022-04-01,-31.647,-31.647,0
2022-05-01,-30.119,-30.119,0
2022-06-01,-32.164,-32.164,0
2022-07-01,-33.344,-33.344,0
2022-08-01,-29.623,-29.623,0
2022-09-01,-28.213,-28.213,0
2022-10-01,-37.389,-37.389,0
2022-11-01,-41.322,-41.322,0
2022-12-01,-37.401,-37.401,0
2023-01-01,-27.068,-27.068,0
2023-02-01,-22.007,-22.007,0
2023-03-01,-16.033,-16.033,0
2023-04-01,-14.739,-14.739,0
2023-05-01,-14.411,-14.411,0
2023-06-01,-12.721,-12.721,0
2023-07-01,-9.058,-9.058,0
2023-08-01,-10.391,-10.391,0
2023-09-01,-15.321,-15.321,0
2023-10-01,-19.444,-19.444,0
2023-11-01,-20.974,-20.974,0
2023-12-01,-17.896,-17.896,0
2024-01-01,-17.142,-17.142,0
2024-02-01,-15.662,-15.662,0
2024-03-01,-18.049,-18.049,0
2024-04-01,-10.287,-10.287,0
2024-05-01,-12.068,-12.068,0
2024-06-01,-9.67,-9.67,0
2024-07-01,-13.182,-13.182,0
2024-08-01,-18.197,-18.197,0
2024-09-01,-19.159,-19.159,0
2024-10-01,-22.856,-22.856,0
2024-11-01,-18.137,-18.137,0
2024-12-01,-19.385,-19.385,0
2025-01-01,-24.118,-24.118,0
2025-02-01,-25.189,-25.189,0
2025-03-01,-21.715,-21.715,0
2025-04-01,-20.293,-20.293,0
2025-05-01,-16.377,-16.377,0
2025-06-01,-16.286,-16.286,0
2025-07-01,-15.501,-15.501,0
2025-08-01,-17.769,-17.769,0
2025-09-01,-18.04,-18.04,0
2025-10-01,-14.786,-14.786,0
2025-11-01,-21.941,-21.941,0
2025-12-01,-27.936,-27.936,0
2026-01-01,-21.218,-21.218,0
2026-02-01,-19.281,-19.281,0
2026-03-01,-16.513,-16.513,0
2026-04-01,-20.795,-20.795,0
2026-05-01,-18.772,-18.772,0
