month,observed,trend,seasonal,filled,is_filled
2002-04,-3.334,-4.153244,-3.473759,-3.334000,0
2002-05,0.262,-4.048789,-1.081510,0.262000,0
2002-06,,-3.944335,1.119641,1.569051,1
2002-07,,-3.839881,2.504649,2.059960,1
2002-08,2.481,-3.735427,3.819790,2.481000,0
2002-09,1.168,-3.630972,3.711105,1.168000,0
2002-10,-0.319,-3.526518,2.851884,-0.319000,0
2002-11,-3.478,-3.422064,1.226795,-3.478000,0
2002-12,-2.376,-3.317609,-0.292937,-2.376000,0
2003-01,-4.209,-3.213155,-2.089820,-4.209000,0
2003-02,-5.447,-3.108701,-4.002949,-5.447000,0
2003-03,-6.956,-3.004246,-4.292889,-6.956000,0
2003-04,-7.653,-2.899792,-3.473759,-7.653000,0
2003-05,-7.487,-2.795338,-1.081510,-7.487000,0
2003-06,,-2.690883,1.119641,-4.060929,1
2003-07,-1.451,-2.586429,2.504649,-1.451000,0
2003-08,0.115,-2.481975,3.819790,0.115000,0
2003-09,2.234,-2.377520,3.711105,2.234000,0
2003-10,1.99,-2.273066,2.851884,1.990000,0
2003-11,0.273,-2.168612,1.226795,0.273000,0
2003-12,-3.546,-2.064158,-0.292937,-3.546000,0
2004-01,-4.608,-1.959703,-2.089820,-4.608000,0
2004-02,-8.342,-1.855249,-4.002949,-8.342000,0
2004-03,-9.382,-1.750795,-4.292889,-9.382000,0
2004-04,-6.467,-1.646340,-3.473759,-6.467000,0
2004-05,-3.888,-1.541886,-1.081510,-3.888000,0
2004-06,-2.654,-1.437432,1.119641,-2.654000,0
2004-07,0.717,-1.332977,2.504649,0.717000,0
2004-08,1.599,-1.228523,3.819790,1.599000,0
2004-09,-1.087,-1.124069,3.711105,-1.087000,0
2004-10,-0.527,-1.019614,2.851884,-0.527000,0
2004-11,-1.622,-0.915160,1.226795,-1.622000,0
2004-12,-2.307,-0.810706,-0.292937,-2.307000,0
2005-01,-6.369,-0.706252,-2.089820,-6.369000,0
2005-02,-8.142,-0.601797,-4.002949,-8.142000,0
2005-03,-6.976,-0.497343,-4.292889,-6.976000,0
2005-04,-6.645,-0.392889,-3.473759,-6.645000,0
2005-05,-2.873,-0.288434,-1.081510,-2.873000,0
2005-06,0.936,-0.183980,1.119641,0.936000,0
2005-07,2.531,-0.079526,2.504649,2.531000,0
2005-08,5.854,0.024929,3.819790,5.854000,0
2005-09,6.75,0.129383,3.711105,6.750000,0
2005-10,6.707,0.233837,2.851884,6.707000,0
2005-11,4.293,0.338292,1.226795,4.293000,0
2005-12,3.138,0.442746,-0.292937,3.138000,0
2006-01,1.659,0.547200,-2.089820,1.659000,0
2006-02,-0.287,0.651654,-4.002949,-0.287000,0
2006-03,-2.383,0.756109,-4.292889,-2.383000,0
2006-04,-1.512,0.860563,-3.473759,-1.512000,0
2006-05,-0.69,0.965017,-1.081510,-0.690000,0
2006-06,1.114,1.069472,1.119641,1.114000,0
2006-07,3.98,1.173926,2.504649,3.980000,0
2006-08,8.103,1.278380,3.819790,8.103000,0
2006-09,5.485,1.382835,3.711105,5.485000,0
2006-10,3.987,1.325405,2.851884,3.987000,0
2006-11,3.254,1.267975,1.226795,3.254000,0
2006-12,0.23,1.210545,-0.292937,0.230000,0
2007-01,1.132,1.153115,-2.089820,1.132000,0
2007-02,-2.018,1.095686,-4.002949,-2.018000,0
2007-03,-5.294,1.038256,-4.292889,-5.294000,0
2007-04,-3.452,0.980826,-3.473759,-3.452000,0
2007-05,-2.256,0.923396,-1.081510,-2.256000,0
2007-06,2.048,0.865966,1.119641,2.048000,0
2007-07,2.769,0.808536,2.504649,2.769000,0
2007-08,4.597,0.751107,3.819790,4.597000,0
2007-09,4.269,0.693677,3.711105,4.269000,0
2007-10,2.038,0.636247,2.851884,2.038000,0
2007-11,2.134,0.578817,1.226795,2.134000,0
2007-12,0.393,0.521387,-0.292937,0.393000,0
2008-01,-3.64,0.463958,-2.089820,-3.640000,0
2008-02,-5.986,0.406528,-4.002949,-5.986000,0
2008-03,-5.493,0.349098,-4.292889,-5.493000,0
2008-04,-5.54,0.291668,-3.473759,-5.540000,0
2008-05,-1.249,0.234238,-1.081510,-1.249000,0
2008-06,-0.687,0.176808,1.119641,-0.687000,0
2008-07,1.624,0.119379,2.504649,1.624000,0
2008-08,5.109,0.061949,3.819790,5.109000,0
2008-09,4.431,0.004519,3.711105,4.431000,0
2008-10,3.261,-0.052911,2.851884,3.261000,0
2008-11,0.877,-0.110341,1.226795,0.877000,0
2008-12,0.257,-0.167770,-0.292937,0.257000,0
2009-01,-3.177,-0.225200,-2.089820,-3.177000,0
2009-02,-4.25,-0.282630,-4.002949,-4.250000,0
2009-03,-4.984,-0.340060,-4.292889,-4.984000,0
2009-04,-2.972,-0.397490,-3.473759,-2.972000,0
2009-05,-0.703,-0.454920,-1.081510,-0.703000,0
2009-06,2.057,-0.512349,1.119641,2.057000,0
2009-07,4.271,-0.569779,2.504649,4.271000,0
2009-08,4.636,-0.627209,3.819790,4.636000,0
2009-09,6.705,-0.684639,3.711105,6.705000,0
2009-10,4.018,-0.742069,2.851884,4.018000,0
2009-11,0.579,-0.799498,1.226795,0.579000,0
2009-12,1.07,-0.856928,-0.292937,1.070000,0
2010-01,-2.15,-0.914358,-2.089820,-2.150000,0
2010-02,-5.878,-0.971788,-4.002949,-5.878000,0
2010-03,-3.569,-1.029218,-4.292889,-3.569000,0
2010-04,-2.067,-1.086648,-3.473759,-2.067000,0
2010-05,0.541,-1.144077,-1.081510,0.541000,0
2010-06,0.677,-1.201507,1.119641,0.677000,0
2010-07,2.135,-1.258937,2.504649,2.135000,0
2010-08,0.758,-1.316367,3.819790,0.758000,0
2010-09,0.382,-1.373797,3.711105,0.382000,0
2010-10,0.044,-1.431226,2.851884,0.044000,0
2010-11,-0.363,-1.488656,1.226795,-0.363000,0
2010-12,-3.105,-1.546086,-0.292937,-3.105000,0
2011-01,,-1.603516,-2.089820,-5.385377,1
2011-02,-7.782,-1.660946,-4.002949,-7.782000,0
2011-03,-9.123,-1.718376,-4.292889,-9.123000,0
2011-04,-5.153,-1.775805,-3.473759,-5.153000,0
2011-05,-2.162,-1.833235,-1.081510,-2.162000,0
2011-06,,-1.890665,1.119641,0.802571,1
2011-07,2.951,-1.948095,2.504649,2.951000,0
2011-08,3.217,-2.005525,3.819790,3.217000,0
2011-09,0.867,-2.062955,3.711105,0.867000,0
2011-10,2.717,-2.120384,2.851884,2.717000,0
2011-11,-0.388,-2.177814,1.226795,-0.388000,0
2011-12,,-2.235244,-0.292937,-2.494924,1
2012-01,-4.879,-2.292674,-2.089820,-4.879000,0
2012-02,-5.556,-2.350104,-4.002949,-5.556000,0
2012-03,-6.5,-2.407533,-4.292889,-6.500000,0
2012-04,-3.8,-2.464963,-3.473759,-3.800000,0
2012-05,,-2.522393,-1.081510,-1.846451,1
2012-06,-0.084,-2.579823,1.119641,-0.084000,0
2012-07,1.764,-2.637253,2.504649,1.764000,0
2012-08,0.796,-2.694683,3.819790,0.796000,0
2012-09,1.682,-2.752112,3.711105,1.682000,0
2012-10,,-2.809542,2.851884,0.032934,1
2012-11,-2.382,-2.866972,1.226795,-2.382000,0
2012-12,-4.722,-2.924402,-0.292937,-4.722000,0
2013-01,-6.933,-2.981832,-2.089820,-6.933000,0
2013-02,-10.085,-3.039261,-4.002949,-10.085000,0
2013-03,,-3.096691,-4.292889,-10.638035,1
2013-04,-10.082,-3.154121,-3.473759,-10.082000,0
2013-05,-6.605,-3.211551,-1.081510,-6.605000,0
2013-06,-6.134,-2.966711,1.119641,-6.134000,0
2013-07,-3.73,-2.721871,2.504649,-3.730000,0
2013-08,,-2.477030,3.819790,-0.417271,1
2013-09,,-2.232190,3.711105,1.471633,1
2013-10,2.61,-1.987350,2.851884,2.610000,0
2013-11,0.504,-1.742510,1.226795,0.504000,0
2013-12,-0.429,-1.497670,-0.292937,-0.429000,0
2014-01,-1.267,-1.252829,-2.089820,-1.267000,0
2014-02,,-1.007989,-4.002949,-3.553594,1
2014-03,-4.217,-0.763149,-4.292889,-4.217000,0
2014-04,-6.603,-0.518309,-3.473759,-6.603000,0
2014-05,-2.393,-0.273469,-1.081510,-2.393000,0
2014-06,0.923,-0.028628,1.119641,0.923000,0
2014-07,,0.216212,2.504649,1.572934,1
2014-08,2.153,0.461052,3.819790,2.153000,0
2014-09,1.521,0.705892,3.711105,1.521000,0
2014-10,1.995,0.950732,2.851884,1.995000,0
2014-11,0.837,1.195573,1.226795,0.837000,0
2014-12,,1.440413,-0.292937,1.351576,1
2015-01,1.589,1.685253,-2.089820,1.589000,0
2015-02,1.193,1.930093,-4.002949,1.193000,0
2015-03,1.419,2.174933,-4.292889,1.419000,0
2015-04,3.119,2.419774,-3.473759,3.119000,0
2015-05,,2.664614,-1.081510,4.642446,1
2015-06,,2.909454,1.119641,5.974794,1
2015-07,6.491,3.154294,2.504649,6.491000,0
2015-08,6.608,3.399134,3.819790,6.608000,0
2015-09,9.291,3.643975,3.711105,9.291000,0
2015-10,,3.888815,2.851884,8.780459,1
2015-11,,4.133655,1.226795,7.504051,1
2015-12,6.333,4.378495,-0.292937,6.333000,0
2016-01,3.412,4.623335,-2.089820,3.412000,0
2016-02,5.27,4.868176,-4.002949,5.270000,0
2016-03,5.206,5.113016,-4.292889,5.206000,0
2016-04,,5.357856,-3.473759,5.404941,1
2016-05,7.177,5.602696,-1.081510,7.177000,0
2016-06,8.621,5.847536,1.119641,8.621000,0
2016-07,7.721,6.092377,2.504649,7.721000,0
2016-08,8.607,6.337217,3.819790,8.607000,0
2016-09,,6.582057,3.711105,8.648647,1
2016-10,,6.826897,2.851884,7.939758,1
2016-11,6.465,7.071737,1.226795,6.465000,0
2016-12,4.947,7.316578,-0.292937,4.947000,0
2017-01,0.144,7.561418,-2.089820,0.144000,0
2017-02,,7.806258,-4.002949,-0.344594,1
2017-03,0.79,8.051098,-4.292889,0.790000,0
2017-04,4.507,8.295938,-3.473759,4.507000,0
2017-05,5.685,8.540779,-1.081510,5.685000,0
2017-06,9.529,8.785619,1.119641,9.529000,0
2017-07,,9.030459,2.504649,11.146360,1
2017-08,,9.275299,3.819790,12.693851,1
2017-09,,9.520139,3.711105,12.817518,1
2017-10,,9.764980,2.851884,12.190648,1
2017-11,,9.722168,1.226795,10.510258,1
2017-12,,9.679356,-0.292937,8.935226,1
2018-01,,9.636545,-2.089820,7.083042,1
2018-02,,9.593733,-4.002949,5.114612,1
2018-03,,9.550922,-4.292889,4.769371,1
2018-04,,9.508110,-3.473759,5.533201,1
2018-05,,9.465299,-1.081510,7.870150,1
2018-06,10.016,9.422487,1.119641,10.016000,0
2018-07,11.601,9.379675,2.504649,11.601000,0
2018-08,,9.336864,3.819790,12.005729,1
2018-09,,9.294052,3.711105,10.986633,1
2018-10,9.217,9.251241,2.851884,9.217000,0
2018-11,5.981,9.208429,1.226795,5.981000,0
2018-12,6.245,9.165618,-0.292937,6.245000,0
2019-01,6.216,9.122806,-2.089820,6.216000,0
2019-02,3.276,9.079994,-4.002949,3.276000,0
2019-03,4.452,9.037183,-4.292889,4.452000,0
2019-04,5.719,8.994371,-3.473759,5.719000,0
2019-05,8.468,8.951560,-1.081510,8.468000,0
2019-06,13.361,8.908748,1.119641,13.361000,0
2019-07,12.45,8.865937,2.504649,12.450000,0
2019-08,13.638,8.823125,3.819790,13.638000,0
2019-09,11.465,8.780313,3.711105,11.465000,0
2019-10,10.575,8.737502,2.851884,10.575000,0
2019-11,9.916,8.694690,1.226795,9.916000,0
2019-12,10.777,8.651879,-0.292937,10.777000,0
2020-01,8.179,8.609067,-2.089820,8.179000,0
2020-02,7.179,8.566256,-4.002949,7.179000,0
2020-03,7.064,8.523444,-4.292889,7.064000,0
2020-04,8.91,8.480632,-3.473759,8.910000,0
2020-05,10.908,8.437821,-1.081510,10.908000,0
2020-06,11.946,8.395009,1.119641,11.946000,0
2020-07,12.071,8.352198,2.504649,12.071000,0
2020-08,13.926,8.309386,3.819790,13.926000,0
2020-09,13.154,8.266575,3.711105,13.154000,0
2020-10,13.817,8.223763,2.851884,13.817000,0
2020-11,12.923,8.180951,1.226795,12.923000,0
2020-12,8.493,8.138140,-0.292937,8.493000,0
2021-01,8.599,8.095328,-2.089820,8.599000,0
2021-02,3.467,8.052517,-4.002949,3.467000,0
2021-03,4.806,8.009705,-4.292889,4.806000,0
2021-04,5.379,7.966894,-3.473759,5.379000,0
2021-05,8.177,7.924082,-1.081510,8.177000,0
2021-06,9.418,7.881271,1.119641,9.418000,0
2021-07,9.788,7.838459,2.504649,9.788000,0
2021-08,9.351,7.795647,3.819790,9.351000,0
2021-09,9.308,7.752836,3.711105,9.308000,0
2021-10,8.766,7.710024,2.851884,8.766000,0
2021-11,8.964,7.667213,1.226795,8.964000,0
2021-12,6.545,7.624401,-0.292937,6.545000,0
2022-01,5.392,7.581590,-2.089820,5.392000,0
2022-02,2.333,7.538778,-4.002949,2.333000,0
2022-03,3.622,7.495966,-4.292889,3.622000,0
2022-04,1.988,7.453155,-3.473759,1.988000,0
2022-05,3.9,7.410343,-1.081510,3.900000,0
2022-06,6.259,7.367532,1.119641,6.259000,0
2022-07,7.284,7.324720,2.504649,7.284000,0
2022-08,6.845,7.281909,3.819790,6.845000,0
2022-09,9.874,7.239097,3.711105,9.874000,0
2022-10,7.31,7.196285,2.851884,7.310000,0
2022-11,7.097,7.153474,1.226795,7.097000,0
2022-12,1.721,7.110662,-0.292937,1.721000,0
2023-01,-0.204,7.067851,-2.089820,-0.204000,0
2023-02,-1.197,7.025039,-4.002949,-1.197000,0
2023-03,-4.073,6.982228,-4.292889,-4.073000,0
2023-04,-2.203,6.939416,-3.473759,-2.203000,0
2023-05,3.646,6.896604,-1.081510,3.646000,0
2023-06,8.523,6.853793,1.119641,8.523000,0
2023-07,8.456,6.810981,2.504649,8.456000,0
2023-08,14.056,6.768170,3.819790,14.056000,0
2023-09,13.872,6.725358,3.711105,13.872000,0
2023-10,12.848,6.682547,2.851884,12.848000,0
2023-11,11.692,6.639735,1.226795,11.692000,0
2023-12,9.703,6.596923,-0.292937,9.703000,0
2024-01,7.526,6.554112,-2.089820,7.526000,0
2024-02,5.368,6.511300,-4.002949,5.368000,0
2024-03,5.475,6.468489,-4.292889,5.475000,0
2024-04,5.39,6.425677,-3.473759,5.390000,0
2024-05,7.208,6.382866,-1.081510,7.208000,0
2024-06,7.38,6.340054,1.119641,7.380000,0
2024-07,7.444,6.297242,2.504649,7.444000,0
2024-08,9.347,6.254431,3.819790,9.347000,0
2024-09,9.445,6.211619,3.711105,9.445000,0
2024-10,8.964,6.168808,2.851884,8.964000,0
2024-11,7.061,6.125996,1.226795,7.061000,0
2024-12,5.085,6.083185,-0.292937,5.085000,0
2025-01,2.078,6.040373,-2.089820,2.078000,0
2025-02,2.842,5.997562,-4.002949,2.842000,0
2025-03,2.369,5.954750,-4.292889,2.369000,0
2025-04,1.398,5.911938,-3.473759,1.398000,0
2025-05,4.107,5.869127,-1.081510,4.107000,0
2025-06,7.974,5.826315,1.119641,7.974000,0
2025-07,10.597,5.783504,2.504649,10.597000,0
2025-08,7.617,5.740692,3.819790,7.617000,0
2025-09,6.634,5.697881,3.711105,6.634000,0
2025-10,6.638,5.655069,2.851884,6.638000,0
2025-11,6.416,5.612257,1.226795,6.416000,0
2025-12,5.021,5.569446,-0.292937,5.021000,0
2026-01,6.62,5.526634,-2.089820,6.620000,0
2026-02,3.317,5.483823,-4.002949,3.317000,0
2026-03,3.188,5.441011,-4.292889,3.188000,0
2026-04,3.106,5.398200,-3.473759,3.106000,0
2026-05,4.336,5.355388,-1.081510,4.336000,0
